label,x0,x1,x2,x3,x4,x5,x6,x7,x8,x9,x10,x11,x12,x13,x14,x15,x16,x17,x18,x19,x20,y0,y1,y2,y3,y4,y5,y6,y7,y8,y9,y10,y11,y12,y13,y14,y15,y16,y17,y18,y19,y20,z0,z1,z2,z3,z4,z5,z6,z7,z8,z9,z10,z11,z12,z13,z14,z15,z16,z17,z18,z19,z20
ㄷ,0.8672793507575989,0.5720251202583313,-8.131293327551248e-08,0.7754219770431519,0.548798143863678,0.09387101978063583,0.6759425401687622,0.5727517008781433,0.13274578750133514,0.6069172024726868,0.6190584301948547,0.15658777952194214,0.5623491406440735,0.6632890105247498,0.17944110929965973,0.5961166024208069,0.4967857599258423,0.05239532142877579,0.47620558738708496,0.5083656311035156,0.060573238879442215,0.40672680735588074,0.5096229910850525,0.06369459629058838,0.351184606552124,0.511117160320282,0.061670396476984024,0.6025420427322388,0.5424093008041382,0.00872165895998478,0.4653104543685913,0.612879753112793,0.014661268331110477,0.39349985122680664,0.6512110829353333,0.013332556001842022,0.3463381230831146,0.679203450679779,0.004307078663259745,0.6237736940383911,0.5987505912780762,-0.024341169744729996,0.49836841225624084,0.6757487654685974,-0.00797427911311388,0.5068050622940063,0.6862712502479553,0.007404344622045755,0.5281684398651123,0.6834120154380798,0.009805960580706596,0.6547226905822754,0.6419340968132019,-0.0497712641954422,0.5863516926765442,0.6668832302093506,-0.036323826760053635,0.5924801230430603,0.6537559628486633,-0.026937786489725113,0.6069909930229187,0.6305713057518005,-0.0244689229875803
ㄷ,0.8314856290817261,0.530205249786377,5.713931727768795e-07,0.7318617105484009,0.4570877254009247,0.014113237150013447,0.6163843274116516,0.4845585823059082,0.016076596453785896,0.5508881211280823,0.5617163777351379,0.014623240567743778,0.5071919560432434,0.6251755952835083,0.012868965975940228,0.5534315705299377,0.44221174716949463,-0.021237650886178017,0.4248889684677124,0.48052674531936646,-0.03891202062368393,0.35270002484321594,0.5043959021568298,-0.04889550805091858,0.29212599992752075,0.5337523818016052,-0.054349105805158615,0.5540990829467773,0.5262820720672607,-0.03550584241747856,0.4156811237335205,0.5544737577438354,-0.04666042700409889,0.33151236176490784,0.5699410438537598,-0.05254729092121124,0.2620244324207306,0.5904417037963867,-0.05717380344867706,0.5753517150878906,0.6068771481513977,-0.04560977593064308,0.4990639090538025,0.6363664865493774,-0.052999433130025864,0.5362963676452637,0.5939692258834839,-0.045670174062252045,0.5738714933395386,0.563758373260498,-0.037252578884363174,0.6084932684898376,0.6716784834861755,-0.054785341024398804,0.5576456785202026,0.6589738726615906,-0.05681871622800827,0.5753687024116516,0.6193252801895142,-0.04534535855054855,0.5975456237792969,0.5916497707366943,-0.03417857736349106
ㄷ,0.7361409664154053,0.6372593641281128,4.525284680312325e-07,0.640769362449646,0.5249477624893188,0.06059622764587402,0.5394381284713745,0.5247291922569275,0.08918346464633942,0.46530699729919434,0.5602018237113953,0.10798096656799316,0.42923399806022644,0.6091384887695312,0.12487418204545975,0.4611514210700989,0.511967122554779,0.03945275768637657,0.3334667980670929,0.5385632514953613,0.05976523831486702,0.26699966192245483,0.5465667843818665,0.06679444760084152,0.2108960747718811,0.5605166554450989,0.069302499294281,0.456557035446167,0.6002411842346191,0.018943801522254944,0.3265572786331177,0.6062256097793579,0.047839876264333725,0.24728494882583618,0.6093792915344238,0.05178864672780037,0.18896228075027466,0.6187138557434082,0.047073688358068466,0.47360894083976746,0.6875068545341492,0.00750645762309432,0.38995134830474854,0.6728864312171936,0.05446156859397888,0.4226318895816803,0.6427227258682251,0.07190307974815369,0.4582229554653168,0.6286072134971619,0.07381167262792587,0.5006861090660095,0.7567840814590454,-0.0005798004567623138,0.43979519605636597,0.7253374457359314,0.045710865408182144,0.464646577835083,0.7002005577087402,0.07105585932731628,0.49659934639930725,0.6851710081100464,0.08421071618795395
ㄷ,0.7349475622177124,0.5616546273231506,3.2797044013932464e-07,0.6347484588623047,0.49759918451309204,0.09525308758020401,0.5372092723846436,0.5236778855323792,0.12520386278629303,0.4674263596534729,0.5881518721580505,0.13937605917453766,0.42611992359161377,0.6431865692138672,0.15431463718414307,0.46466055512428284,0.4771130383014679,0.044454336166381836,0.3474191427230835,0.5193418264389038,0.051466479897499084,0.2824449837207794,0.5374643802642822,0.050330884754657745,0.22671103477478027,0.5569728016853333,0.04559480398893356,0.477491170167923,0.5466686487197876,0.004583290312439203,0.3450571894645691,0.5818235278129578,0.002197498921304941,0.2620730698108673,0.596550464630127,-0.009220941923558712,0.19953161478042603,0.6130315065383911,-0.023816518485546112,0.5020892024040222,0.6247142553329468,-0.019937664270401,0.41944122314453125,0.6613651514053345,0.01970326155424118,0.4605864882469177,0.6374556422233582,0.059114448726177216,0.49355122447013855,0.6198177933692932,0.07615978270769119,0.5323121547698975,0.6826898455619812,-0.03925338014960289,0.4723474979400635,0.6843817234039307,0.01300465501844883,0.5022667050361633,0.6593679785728455,0.05504795163869858,0.5291577577590942,0.6417216062545776,0.07906248420476913
ㄴ,0.7159180641174316,0.6439038515090942,8.864307687872497e-08,0.6829787492752075,0.5206395983695984,0.0024869549088180065,0.63329017162323,0.42753225564956665,-0.004656618926674128,0.5888867974281311,0.3391241431236267,-0.013071952387690544,0.5723699927330017,0.2637425363063812,-0.024171387776732445,0.5161526799201965,0.5100367665290833,-0.01191004179418087,0.4202704429626465,0.5219337940216064,-0.007886461913585663,0.36141330003738403,0.5354748964309692,-0.0089367451146245,0.3156689405441284,0.544033944606781,-0.012389998883008957,0.4921400845050812,0.5831223726272583,-0.01154522504657507,0.4987916350364685,0.5999622344970703,0.00402519665658474,0.5350610017776489,0.6006715297698975,0.01383481826633215,0.563340425491333,0.5943109393119812,0.015808332711458206,0.5011754631996155,0.6569965481758118,-0.008219472132623196,0.5198224782943726,0.6625698208808899,0.006021803244948387,0.5491815805435181,0.65944504737854,0.014791655354201794,0.5741313695907593,0.6526709794998169,0.015364964492619038,0.5144969820976257,0.7228785753250122,-0.004685161169618368,0.5281838178634644,0.7281368374824524,0.010258199647068977,0.5591736435890198,0.7229802012443542,0.02484132908284664,0.5843471884727478,0.7155463695526123,0.03485265001654625
ㄴ,0.6237879991531372,0.5757536292076111,-7.54188391738353e-08,0.5973329544067383,0.46773630380630493,-0.0031928604003041983,0.5527169108390808,0.3919726610183716,-0.010294263251125813,0.5125249028205872,0.3240642249584198,-0.01870288886129856,0.4960346817970276,0.26470208168029785,-0.029894860461354256,0.4458290636539459,0.47973793745040894,-0.016047775745391846,0.3610128164291382,0.49904271960258484,-0.01800224743783474,0.30803626775741577,0.5143204927444458,-0.024109408259391785,0.2657089829444885,0.525219738483429,-0.030414188280701637,0.4286811947822571,0.5433655381202698,-0.01655292883515358,0.4466174840927124,0.5602369904518127,-0.012305808253586292,0.48322510719299316,0.5596438646316528,-0.009449896402657032,0.5085818767547607,0.5539849400520325,-0.010865570977330208,0.4402681291103363,0.6093968749046326,-0.01514469739049673,0.4604932963848114,0.613192081451416,-0.016612976789474487,0.49342846870422363,0.6107240319252014,-0.012375125661492348,0.5174615979194641,0.6046913266181946,-0.010871809907257557,0.4535691440105438,0.6684330105781555,-0.013613090850412846,0.44648948311805725,0.6815376877784729,-0.011166863143444061,0.4664534628391266,0.6706568598747253,0.0007949934806674719,0.48983415961265564,0.6555591821670532,0.010533522814512253
ㄴ,0.7258360385894775,0.6101168394088745,1.1514634579157246e-08,0.6675358414649963,0.4811657667160034,0.011966229416429996,0.5926965475082397,0.38687822222709656,0.003118043765425682,0.5352874994277954,0.28634244203567505,-0.00938380416482687,0.5104660987854004,0.19948577880859375,-0.02752605639398098,0.4704137146472931,0.48316842317581177,-0.023723527789115906,0.3412879407405853,0.5124092102050781,-0.02807745896279812,0.2621566653251648,0.5347094535827637,-0.0345735177397728,0.2005835473537445,0.551563024520874,-0.039863962680101395,0.4532893896102905,0.5642722249031067,-0.027118705213069916,0.4506998658180237,0.6097381114959717,-0.016166603192687035,0.4954606294631958,0.60652095079422,-0.0027284601237624884,0.5351903438568115,0.5892220139503479,0.0030364624690264463,0.47187966108322144,0.6525018215179443,-0.02566181682050228,0.48184525966644287,0.6784384250640869,-0.013324431143701077,0.5178197026252747,0.6679997444152832,-0.0016815674025565386,0.5507414937019348,0.6493380069732666,0.0014440674567595124,0.49403348565101624,0.7315959930419922,-0.02246536873281002,0.5026471018791199,0.748942494392395,-0.002350045368075371,0.5384591221809387,0.7273139357566833,0.019356662407517433,0.5706342458724976,0.7037069797515869,0.03411246836185455
ㄴ,0.29254668951034546,0.660082995891571,-2.8840440791100264e-07,0.33778801560401917,0.5054221153259277,0.0230413768440485,0.4270874857902527,0.40613141655921936,0.02114870771765709,0.4929828643798828,0.31557703018188477,0.011912642978131771,0.5253973603248596,0.24137580394744873,-0.002497376874089241,0.5335485935211182,0.4830382466316223,-0.020066939294338226,0.673830509185791,0.5233513712882996,-0.03581767901778221,0.7636740803718567,0.5531257390975952,-0.04726061969995499,0.8273588418960571,0.5799095630645752,-0.05417685955762863,0.5521941781044006,0.5736379027366638,-0.03137046471238136,0.5725708603858948,0.6258619427680969,-0.03241749107837677,0.5246498584747314,0.6220324635505676,-0.019748833030462265,0.48212262988090515,0.6030184626579285,-0.014281078241765499,0.5390511155128479,0.6753941774368286,-0.038175784051418304,0.5569100975990295,0.7028803825378418,-0.038214635103940964,0.5191725492477417,0.7054323554039001,-0.01902274414896965,0.4788500964641571,0.6917293667793274,-0.008913667872548103,0.5186091661453247,0.7653660178184509,-0.04181397333741188,0.5488077402114868,0.7967634797096252,-0.03587000072002411,0.518397331237793,0.8026708960533142,-0.013102705590426922,0.4844069480895996,0.7964768409729004,0.004764110781252384
ㄴ,0.3903277814388275,0.6102283000946045,-2.8822819331253413e-07,0.42693641781806946,0.47651606798171997,0.020189134404063225,0.5025944709777832,0.3963785171508789,0.017832539975643158,0.564130425453186,0.32294994592666626,0.01076904684305191,0.5944326519966125,0.2617131471633911,-0.0010029006516560912,0.599741518497467,0.4694478511810303,-0.027285275980830193,0.7182102203369141,0.5075982809066772,-0.042102914303541183,0.7963703870773315,0.5337433815002441,-0.05322768911719322,0.8522137999534607,0.557466983795166,-0.05985623225569725,0.6174876093864441,0.5490566492080688,-0.0349595732986927,0.621681809425354,0.6012036800384521,-0.031043576076626778,0.5843110084533691,0.5968592166900635,-0.01684780977666378,0.5517968535423279,0.5819456577301025,-0.012154079042375088,0.6019773483276367,0.6377197504043579,-0.03789176791906357,0.6012849807739258,0.6618919372558594,-0.03579188883304596,0.5728242993354797,0.6643456220626831,-0.018833933398127556,0.5419221520423889,0.6551384925842285,-0.011623142287135124,0.582405686378479,0.7154144048690796,-0.03754956275224686,0.5916903018951416,0.7358400821685791,-0.029093652963638306,0.5638629198074341,0.7412762641906738,-0.007138072978705168,0.5361425876617432,0.7384046316146851,0.00851933378726244
ㄷ,0.7852990031242371,0.527797520160675,5.767981292592594e-07,0.6932784914970398,0.4436914026737213,0.04272155836224556,0.6038475036621094,0.4535394012928009,0.05998761206865311,0.5526162385940552,0.5130831599235535,0.0666961669921875,0.5297943353652954,0.5777416825294495,0.07174335420131683,0.5294270515441895,0.43787792325019836,0.04128032177686691,0.42100197076797485,0.46277689933776855,0.051791831851005554,0.36091774702072144,0.4736460745334625,0.05486854165792465,0.3109932541847229,0.48770713806152344,0.055991631001234055,0.5222758650779724,0.5151584148406982,0.01919131726026535,0.40890491008758545,0.5280470848083496,0.034745048731565475,0.339089572429657,0.5358672738075256,0.03375515341758728,0.28712522983551025,0.5464195013046265,0.029641132801771164,0.5366756319999695,0.592008650302887,0.002008497016504407,0.4693821966648102,0.6137440800666809,0.022620372474193573,0.5054502487182617,0.5875475406646729,0.03165017068386078,0.5414664149284363,0.5716288685798645,0.035956010222435,0.5618757009506226,0.6588598489761353,-0.012960909865796566,0.508987307548523,0.6610702872276306,0.00967064406722784,0.5299027562141418,0.6341546177864075,0.0284268781542778,0.5561028718948364,0.6138496398925781,0.04176393151283264
ㄱ,0.6818451881408691,0.24242177605628967,-1.3339459314920532e-07,0.5938258171081543,0.28603941202163696,0.008182846009731293,0.5069628357887268,0.36158299446105957,-0.011598252691328526,0.43269264698028564,0.40592020750045776,-0.03157097101211548,0.3742385804653168,0.4320889115333557,-0.05724111199378967,0.5080538392066956,0.44472986459732056,-0.07871664315462112,0.5105571746826172,0.6345438361167908,-0.10758423805236816,0.5183777809143066,0.7370285987854004,-0.11814580112695694,0.5220838189125061,0.8180171251296997,-0.12677480280399323,0.5688291192054749,0.4458300471305847,-0.10139285773038864,0.5740811824798584,0.6621875762939453,-0.13214324414730072,0.5926778316497803,0.6222718954086304,-0.12121880054473877,0.5973045825958252,0.5582944750785828,-0.11215471476316452,0.6380937695503235,0.43908554315567017,-0.11840605735778809,0.6440986394882202,0.632498025894165,-0.14312167465686798,0.6582708358764648,0.577924907207489,-0.10874857753515244,0.6592100858688354,0.5101009011268616,-0.08394432812929153,0.7098129391670227,0.42832228541374207,-0.13374243676662445,0.7047404050827026,0.5822213292121887,-0.1512945592403412,0.706507682800293,0.5388047099113464,-0.12476689368486404,0.7055004835128784,0.48154258728027344,-0.10354261100292206
ㄱ,0.5987045168876648,0.2907024025917053,-1.7317628930868523e-07,0.5042449831962585,0.3206896185874939,0.013974306173622608,0.4185054302215576,0.37597349286079407,0.006910212337970734,0.34382984042167664,0.4077754616737366,-0.0031547031830996275,0.28720515966415405,0.41078680753707886,-0.017926285043358803,0.41311484575271606,0.5250929594039917,-0.023307792842388153,0.4307771921157837,0.6903597712516785,-0.03884507715702057,0.44231146574020386,0.7825088500976562,-0.04871771112084389,0.44627660512924194,0.8559834957122803,-0.05652180686593056,0.46642667055130005,0.5483943223953247,-0.038616884499788284,0.5016770362854004,0.696428656578064,-0.05361293628811836,0.5179905891418457,0.6437445878982544,-0.04587491229176521,0.5161378383636475,0.5783368349075317,-0.03906456381082535,0.5297785401344299,0.5541087985038757,-0.05072960630059242,0.5591244101524353,0.673008918762207,-0.06571285426616669,0.5743854641914368,0.6203951835632324,-0.04630052298307419,0.5704290270805359,0.5648645162582397,-0.031276825815439224,0.5956639051437378,0.5512899160385132,-0.060838378965854645,0.6063541173934937,0.6459664106369019,-0.06829053908586502,0.6156823039054871,0.5953269600868225,-0.04876404628157616,0.61182701587677,0.5451469421386719,-0.03214713931083679
ㄱ,0.39434027671813965,0.18530815839767456,2.462268753333774e-07,0.4990690052509308,0.2266639769077301,0.006284139584749937,0.6091980338096619,0.308994323015213,-0.025503456592559814,0.6937259435653687,0.37683162093162537,-0.0526777058839798,0.7764111757278442,0.387048602104187,-0.0820961743593216,0.575397253036499,0.42863523960113525,-0.11087342351675034,0.541831374168396,0.6463046073913574,-0.16332365572452545,0.5241411328315735,0.7693189382553101,-0.19513057172298431,0.504772424697876,0.8619482517242432,-0.21176880598068237,0.48751410841941833,0.4451136887073517,-0.11926431953907013,0.4672500193119049,0.643671452999115,-0.15191948413848877,0.4677464962005615,0.5727580189704895,-0.12968222796916962,0.4692044258117676,0.48172447085380554,-0.10996875911951065,0.4050709009170532,0.441837877035141,-0.12028554826974869,0.4010773003101349,0.6029297113418579,-0.14609217643737793,0.39983314275741577,0.5359204411506653,-0.10801608860492706,0.39887577295303345,0.4495317041873932,-0.07806354761123657,0.3311486542224884,0.44282203912734985,-0.11591587960720062,0.3458672761917114,0.537492036819458,-0.11747465282678604,0.3415505290031433,0.4737245440483093,-0.075472392141819,0.3393402099609375,0.41091230511665344,-0.043799109756946564
ㄱ,0.4490070343017578,0.2599831223487854,-2.5912774148650897e-09,0.5237648487091064,0.27698612213134766,0.0019132866291329265,0.5960567593574524,0.33756735920906067,-0.007409656420350075,0.657532274723053,0.3693227171897888,-0.018751662224531174,0.7094706892967224,0.3723774552345276,-0.03149992972612381,0.5979095697402954,0.44648006558418274,-0.025694428011775017,0.5837417244911194,0.5803825259208679,-0.03826950490474701,0.5778170228004456,0.6513948440551758,-0.04405241832137108,0.5753844976425171,0.707891583442688,-0.04959281533956528,0.5636447668075562,0.4631035029888153,-0.03569468483328819,0.5146478414535522,0.5538627505302429,-0.04720825329422951,0.5012391209602356,0.5086325407028198,-0.041629523038864136,0.5082007050514221,0.46595847606658936,-0.03860407695174217,0.5156576633453369,0.4662124514579773,-0.04417223855853081,0.47210371494293213,0.5309625864028931,-0.04984968900680542,0.4628271162509918,0.4882884919643402,-0.03535138815641403,0.47277453541755676,0.44914329051971436,-0.02803848125040531,0.4671275019645691,0.4633297920227051,-0.052781082689762115,0.4363231658935547,0.5062389373779297,-0.05149814859032631,0.4289310574531555,0.4680238664150238,-0.0387706384062767,0.43860334157943726,0.4352722465991974,-0.03032243624329567
ㄱ,0.6617817878723145,0.16758757829666138,6.668640395446346e-08,0.531491756439209,0.20297874510288239,-0.0005975067615509033,0.4075726270675659,0.2702678442001343,-0.02502443827688694,0.30199694633483887,0.29148709774017334,-0.0493147186934948,0.2206583321094513,0.27655941247940063,-0.07993686944246292,0.42302417755126953,0.43472573161125183,-0.07328430563211441,0.4286462068557739,0.6567164063453674,-0.10119088739156723,0.43593037128448486,0.7822786569595337,-0.1148691475391388,0.4402337968349457,0.879552960395813,-0.1247248724102974,0.5077233910560608,0.4583131670951843,-0.08992655575275421,0.5102159380912781,0.6639665961265564,-0.11655258387327194,0.5192585587501526,0.6004005074501038,-0.10530976951122284,0.5225517749786377,0.5066282153129578,-0.09492653608322144,0.598012387752533,0.4603227376937866,-0.10207966715097427,0.5885305404663086,0.6190717220306396,-0.12744541466236115,0.6021258234977722,0.5578263998031616,-0.09916277229785919,0.6075753569602966,0.48379960656166077,-0.07663015276193619,0.6863911151885986,0.4564322829246521,-0.1126580461859703,0.6611021757125854,0.5857844352722168,-0.12444107234477997,0.6697722673416138,0.5216962695121765,-0.09446476399898529,0.6766077876091003,0.45587921142578125,-0.07034353911876678
ㄹ,0.9078227281570435,0.4985787272453308,4.5637486323357734e-07,0.8224611878395081,0.3814300298690796,0.06767426431179047,0.7251269221305847,0.3692070543766022,0.09199774265289307,0.6536739468574524,0.4162200689315796,0.11050385236740112,0.6148356199264526,0.4756281077861786,0.12480282783508301,0.6749141216278076,0.3356838822364807,0.012930624186992645,0.5331870913505554,0.3639472723007202,0.03235640376806259,0.46097439527511597,0.3813355267047882,0.05324980616569519,0.4036145508289337,0.39599981904029846,0.06883381307125092,0.6675038933753967,0.4238942265510559,-0.009946293197572231,0.5100436210632324,0.4514853060245514,-0.0010109423892572522,0.4337112009525299,0.4584958851337433,0.01315488200634718,0.37444359064102173,0.4562355577945709,0.02525326795876026,0.6728276610374451,0.5161954760551453,-0.020628366619348526,0.5423996448516846,0.5369516015052795,-0.00590251199901104,0.47013622522354126,0.5288547277450562,0.0007154268096201122,0.41810914874076843,0.5226973295211792,0.003505919361487031,0.6930100917816162,0.5866625905036926,-0.022528737783432007,0.6239873170852661,0.5371395945549011,0.010751302354037762,0.6288764476776123,0.4953579306602478,0.03901860490441322,0.6467791795730591,0.4658321440219879,0.056236762553453445
ㄹ,0.7959601879119873,0.4502018392086029,2.674126733381854e-07,0.692249059677124,0.36272329092025757,0.09314189851284027,0.5854599475860596,0.3713768720626831,0.1347760409116745,0.5151122808456421,0.4270811676979065,0.162513867020607,0.4729434549808502,0.4846184551715851,0.18611952662467957,0.5138270258903503,0.30319809913635254,0.06892882287502289,0.3766239285469055,0.33857688307762146,0.1002759039402008,0.3106260299682617,0.3579297661781311,0.12222910672426224,0.2580357491970062,0.3708760142326355,0.13600556552410126,0.50677090883255,0.3864322304725647,0.033314675092697144,0.36009031534194946,0.43272459506988525,0.06664302200078964,0.28468409180641174,0.4566311836242676,0.08280559629201889,0.2306254804134369,0.4674978256225586,0.08962619304656982,0.5206063389778137,0.4737086296081543,0.008086501620709896,0.3991820812225342,0.5266492962837219,0.04863176867365837,0.35180413722991943,0.5484024286270142,0.05880308523774147,0.3228946924209595,0.5595362186431885,0.05624093487858772,0.5518200993537903,0.5512190461158752,-0.009190184064209461,0.49014851450920105,0.5476876497268677,0.03332623839378357,0.49821582436561584,0.5282285213470459,0.056211378425359726,0.5210750699043274,0.5072152614593506,0.06693135201931
ㄹ,0.37480178475379944,0.5243436694145203,7.513199875575083e-07,0.4419810175895691,0.4115683138370514,0.010077967308461666,0.5462665557861328,0.4007982313632965,0.01722288504242897,0.6219064593315125,0.4599665701389313,0.025576796382665634,0.6674751043319702,0.501080334186554,0.032981038093566895,0.5884266495704651,0.3420027196407318,-0.009307744912803173,0.7202971577644348,0.3526161015033722,-0.008650016970932484,0.7891586422920227,0.361936092376709,-0.004706024192273617,0.8414780497550964,0.36729711294174194,-0.0005290664848871529,0.6006304025650024,0.4323734939098358,-0.01717393659055233,0.742922306060791,0.4337180256843567,-0.011670522391796112,0.8234813213348389,0.4359883964061737,-0.013713568449020386,0.8844119906425476,0.43632838129997253,-0.01690828613936901,0.5969280004501343,0.5200220942497253,-0.0218491293489933,0.7156018614768982,0.5373091697692871,-0.02049407921731472,0.7734306454658508,0.5388230085372925,-0.030251814052462578,0.8102383613586426,0.532776951789856,-0.039493922144174576,0.5806890726089478,0.59366375207901,-0.024017713963985443,0.6398603320121765,0.5843352675437927,-0.018739789724349976,0.6328161954879761,0.5602741837501526,-0.011265433393418789,0.6181640028953552,0.5419406294822693,-0.0070535666309297085
ㄹ,0.23625341057777405,0.4752812087535858,6.214995664777234e-07,0.341399610042572,0.37940090894699097,0.040962882339954376,0.46408170461654663,0.3970155119895935,0.05487120896577835,0.5574413537979126,0.4744189381599426,0.06635753810405731,0.6238206624984741,0.5398805141448975,0.07724223285913467,0.5125176310539246,0.32696932554244995,-0.003811340546235442,0.6637846827507019,0.33165615797042847,-0.0018281133379787207,0.7436622381210327,0.33239567279815674,0.006481892429292202,0.8083447217941284,0.3355831503868103,0.013595695607364178,0.5133352875709534,0.4170963764190674,-0.025300407782197,0.6764618158340454,0.43169689178466797,-0.02840919978916645,0.7697473764419556,0.44458237290382385,-0.03252214565873146,0.8412677049636841,0.4556105136871338,-0.035713937133550644,0.4969817101955414,0.5065279006958008,-0.038601104170084,0.6354734897613525,0.5528463125228882,-0.03706841543316841,0.7148342728614807,0.581510603427887,-0.041514310985803604,0.7710392475128174,0.5929213166236877,-0.0462852381169796,0.4672375023365021,0.5827927589416504,-0.04604509472846985,0.5601148009300232,0.6110314726829529,-0.02699480764567852,0.5935326218605042,0.6159915924072266,-0.010056799277663231,0.616020679473877,0.6124076843261719,-0.0007355035049840808
ㄹ,0.12593388557434082,0.469085156917572,6.706554245283769e-07,0.2263672798871994,0.3583781123161316,0.02095746248960495,0.3495452105998993,0.3594455122947693,0.027486750856041908,0.43086111545562744,0.43166249990463257,0.03160601481795311,0.4790206849575043,0.4883262515068054,0.033701978623867035,0.3919975757598877,0.3069950044155121,-0.011453360319137573,0.5322027206420898,0.328610360622406,-0.01989659294486046,0.6113498210906982,0.34248319268226624,-0.02166256681084633,0.6767154932022095,0.3485981822013855,-0.022451629862189293,0.38861778378486633,0.39191216230392456,-0.034141261130571365,0.543459415435791,0.40411490201950073,-0.049234796315431595,0.6356693506240845,0.4114111363887787,-0.06066812574863434,0.7112531661987305,0.4092905819416046,-0.06749708950519562,0.37653467059135437,0.4796295166015625,-0.05255954712629318,0.5193846225738525,0.504226803779602,-0.07167012989521027,0.5974807739257812,0.5118959546089172,-0.0868687555193901,0.6589854955673218,0.5072110295295715,-0.09556381404399872,0.3547106981277466,0.55970299243927,-0.06688597053289413,0.4504910111427307,0.5403681993484497,-0.07093402743339539,0.441800057888031,0.5084778070449829,-0.060051657259464264,0.42051371932029724,0.4887542724609375,-0.051847245544195175
ㅂ,0.6211379766464233,0.8218211531639099,7.215810455818428e-07,0.5503518581390381,0.791691780090332,-0.048499900847673416,0.5030679702758789,0.7221029996871948,-0.07862087339162827,0.5407599806785583,0.6430980563163757,-0.1044783890247345,0.6008265018463135,0.6019045114517212,-0.1308334469795227,0.4952065646648407,0.5463472604751587,-0.05619986355304718,0.44749730825424194,0.42681342363357544,-0.08984722197055817,0.4224276542663574,0.34741777181625366,-0.11572914570569992,0.4049667716026306,0.27503228187561035,-0.1364217847585678,0.5524911880493164,0.5140382051467896,-0.0592600554227829,0.5223750472068787,0.3678748905658722,-0.08748998492956161,0.5059796571731567,0.27376291155815125,-0.11309663206338882,0.49194300174713135,0.1910330355167389,-0.13301195204257965,0.609864354133606,0.5219969749450684,-0.06743156909942627,0.5996661186218262,0.3873679041862488,-0.09794783592224121,0.5930118560791016,0.3016473650932312,-0.12316794693470001,0.5836154222488403,0.2251167595386505,-0.14140066504478455,0.6683095693588257,0.5572331547737122,-0.07993923127651215,0.6814218163490295,0.45766863226890564,-0.10856633633375168,0.689233660697937,0.39199012517929077,-0.1233818531036377,0.6915485262870789,0.3307652771472931,-0.13417144119739532
ㅂ,0.39361289143562317,0.737413763999939,6.073206009205023e-07,0.32241544127464294,0.7152273058891296,-0.028234949335455894,0.2690681219100952,0.6496737003326416,-0.044329456984996796,0.28808698058128357,0.5726665258407593,-0.05944268777966499,0.33581992983818054,0.5347453951835632,-0.07577010244131088,0.2661290168762207,0.49145299196243286,-0.025378258898854256,0.22395674884319305,0.39537227153778076,-0.04550466313958168,0.20266075432300568,0.33389198780059814,-0.06275374442338943,0.188924178481102,0.27883362770080566,-0.07764726877212524,0.3114442527294159,0.4616529047489166,-0.03302152082324028,0.28201261162757874,0.335756778717041,-0.05082947015762329,0.2667027711868286,0.25391948223114014,-0.07103411853313446,0.2574980854988098,0.18418896198272705,-0.086848683655262,0.35947325825691223,0.4691351056098938,-0.04472114145755768,0.354368656873703,0.3507719039916992,-0.06866228580474854,0.35338181257247925,0.27369827032089233,-0.09363438189029694,0.35248786211013794,0.20749521255493164,-0.11156941205263138,0.4089291989803314,0.5034945607185364,-0.058682121336460114,0.42862653732299805,0.41754382848739624,-0.08332354575395584,0.4411928057670593,0.3589838445186615,-0.09819106757640839,0.4501800835132599,0.30407091975212097,-0.10902808606624603
ㅂ,0.7336628437042236,0.7320804595947266,4.691633819220442e-07,0.6735401153564453,0.6812730431556702,-0.03372073546051979,0.6457201242446899,0.5950316190719604,-0.05171491205692291,0.6965320110321045,0.5156417489051819,-0.06713761389255524,0.757543683052063,0.49982956051826477,-0.082700714468956,0.6398336887359619,0.4491146504878998,-0.028619911521673203,0.609965980052948,0.3317824602127075,-0.04868056997656822,0.5966007113456726,0.2598785161972046,-0.06805117428302765,0.5882237553596497,0.1959284245967865,-0.08512938022613525,0.6909783482551575,0.42555922269821167,-0.03204480558633804,0.6709920167922974,0.2896153926849365,-0.0467122346162796,0.6627757549285889,0.20610365271568298,-0.06536763906478882,0.6549755334854126,0.13444438576698303,-0.08131105452775955,0.7408266067504883,0.436576783657074,-0.039595749229192734,0.7292520403862,0.3170844316482544,-0.05459462106227875,0.7189807891845703,0.241224005818367,-0.07214491814374924,0.7074569463729858,0.17562445998191833,-0.08671991527080536,0.7928340435028076,0.473347544670105,-0.05120975896716118,0.7927901744842529,0.3828284442424774,-0.06550432741641998,0.7899851202964783,0.32419097423553467,-0.07377690076828003,0.7857124209403992,0.2735348641872406,-0.08129572123289108
ㅂ,0.37714990973472595,0.8077682256698608,7.190671453827235e-07,0.4488610625267029,0.7778578996658325,-0.050189998000860214,0.5051535367965698,0.7007074952125549,-0.07905420660972595,0.4772018790245056,0.6213729381561279,-0.10415225476026535,0.4138035476207733,0.5883265137672424,-0.13116143643856049,0.49136748909950256,0.5091004371643066,-0.06458672136068344,0.5176699161529541,0.3732384145259857,-0.10426554828882217,0.5281668901443481,0.2828170657157898,-0.13427330553531647,0.5348915457725525,0.20116376876831055,-0.15689276158809662,0.43392863869667053,0.49185144901275635,-0.07028710097074509,0.45524755120277405,0.33917781710624695,-0.10614047199487686,0.467884361743927,0.23323562741279602,-0.13735869526863098,0.4776357412338257,0.1402701735496521,-0.16052639484405518,0.37947148084640503,0.5132197737693787,-0.08024059981107712,0.38503289222717285,0.36887991428375244,-0.11640719324350357,0.39572083950042725,0.2730562686920166,-0.1455286294221878,0.4069727063179016,0.18752771615982056,-0.16555319726467133,0.3240969181060791,0.5623965263366699,-0.09440002590417862,0.3134334087371826,0.4587016701698303,-0.12973901629447937,0.3087593913078308,0.38537660241127014,-0.14925889670848846,0.30693328380584717,0.31429511308670044,-0.16242864727973938
ㅂ,0.6598150730133057,0.809389591217041,4.90795628138585e-07,0.7309113144874573,0.7886351346969604,-0.035115160048007965,0.7851704955101013,0.7243999242782593,-0.05788644030690193,0.7938809394836426,0.6489375233650208,-0.07869088649749756,0.7502737045288086,0.6152760982513428,-0.10230466723442078,0.7749161124229431,0.5605949759483337,-0.05565803870558739,0.8002824783325195,0.43908753991127014,-0.08903845399618149,0.8104429244995117,0.3645508289337158,-0.11521574854850769,0.8171705007553101,0.29510191082954407,-0.13520874083042145,0.7330389022827148,0.5507838129997253,-0.06363866478204727,0.7525365352630615,0.415583074092865,-0.09382849186658859,0.761213481426239,0.32601186633110046,-0.12092634290456772,0.7665308117866516,0.24498313665390015,-0.14228923618793488,0.6893515586853027,0.5689598321914673,-0.07378971576690674,0.7026998996734619,0.4418729245662689,-0.10234519094228745,0.7129069566726685,0.3605184257030487,-0.12497764825820923,0.7216949462890625,0.287543922662735,-0.14184509217739105,0.6417244076728821,0.6066240072250366,-0.0868794247508049,0.6456667184829712,0.5131034255027771,-0.11484619975090027,0.6547999978065491,0.4497743844985962,-0.13023844361305237,0.6643525958061218,0.3897745609283447,-0.14163050055503845
ㅁ,0.7293719053268433,0.8226075172424316,4.826212034458877e-07,0.6769254207611084,0.7851191759109497,-0.026398366317152977,0.64309161901474,0.7240804433822632,-0.05049700662493706,0.6587225794792175,0.6744703650474548,-0.0780380442738533,0.712591290473938,0.6703488826751709,-0.10263863950967789,0.6875147819519043,0.5579792261123657,-0.02517475001513958,0.6886746883392334,0.4676644206047058,-0.06549617648124695,0.6827147603034973,0.4177452623844147,-0.09512020647525787,0.6638898253440857,0.41172629594802856,-0.11206897348165512,0.7357618808746338,0.5742448568344116,-0.03770215064287186,0.7797191739082336,0.47295522689819336,-0.0853489488363266,0.7657104134559631,0.42233890295028687,-0.1170298233628273,0.7388380765914917,0.41614270210266113,-0.131156325340271,0.7703203558921814,0.6214578151702881,-0.054365575313568115,0.7855045795440674,0.5640344023704529,-0.10013537108898163,0.7424204349517822,0.6069430112838745,-0.10940209776163101,0.7110542058944702,0.6495095491409302,-0.10264214128255844,0.7943949699401855,0.68315190076828,-0.07320750504732132,0.7773405909538269,0.6568569540977478,-0.10540283471345901,0.7399892807006836,0.6777598857879639,-0.10833962261676788,0.7131770253181458,0.7003449201583862,-0.1015838012099266
ㅁ,0.2832140326499939,0.7527822256088257,3.396033605440607e-07,0.22562183439731598,0.7333043217658997,-0.026029333472251892,0.18037541210651398,0.7011572122573853,-0.054056622087955475,0.156608447432518,0.6754038333892822,-0.0848526731133461,0.17812153697013855,0.6527031064033508,-0.1124759092926979,0.21737314760684967,0.5406633615493774,-0.029488686472177505,0.1978505700826645,0.4493921995162964,-0.07307896018028259,0.1674674153327942,0.41611599922180176,-0.10333187878131866,0.13795267045497894,0.4103613495826721,-0.11863408237695694,0.2604829668998718,0.5424696207046509,-0.04120612516999245,0.28094619512557983,0.4287024140357971,-0.09354569017887115,0.241509348154068,0.4034011662006378,-0.1226617693901062,0.2038683146238327,0.41267624497413635,-0.1303168088197708,0.2936507761478424,0.5711148977279663,-0.05702626705169678,0.2616560161113739,0.5370907187461853,-0.10363548249006271,0.21899667382240295,0.5877273678779602,-0.11195974797010422,0.20003893971443176,0.6334748864173889,-0.1020599752664566,0.3138277232646942,0.6163005232810974,-0.07512303441762924,0.27372029423713684,0.5996478199958801,-0.1013294905424118,0.23570409417152405,0.6246090531349182,-0.09966349601745605,0.2157372236251831,0.6495659947395325,-0.08947771042585373
ㅁ,0.43499821424484253,0.7359746694564819,6.34887726391753e-07,0.49403098225593567,0.7101407647132874,-0.028897317126393318,0.5384416580200195,0.6442927718162537,-0.048561036586761475,0.5387539863586426,0.5981243252754211,-0.07043159753084183,0.5022772550582886,0.5805584192276001,-0.08953547477722168,0.5175753235816956,0.46705910563468933,-0.026177428662776947,0.5216076970100403,0.36409252882003784,-0.06070820987224579,0.5378179550170898,0.3151877224445343,-0.08360601216554642,0.5568926930427551,0.29835599660873413,-0.09578653424978256,0.46910303831100464,0.46478596329689026,-0.03520144149661064,0.4652695059776306,0.3422289192676544,-0.07333206385374069,0.49125808477401733,0.30049800872802734,-0.0949733778834343,0.5198787450790405,0.2972642779350281,-0.10391415655612946,0.42333096265792847,0.4916823208332062,-0.048443503677845,0.44694387912750244,0.42957013845443726,-0.09353155642747879,0.4731433093547821,0.49651890993118286,-0.09901513159275055,0.487505167722702,0.5597328543663025,-0.0899067148566246,0.3890119194984436,0.53900545835495,-0.06453125923871994,0.42219704389572144,0.5126447081565857,-0.09915567189455032,0.4541285037994385,0.5575364828109741,-0.10122854262590408,0.4727308452129364,0.6006969213485718,-0.09367050230503082
ㅁ,0.4848257303237915,0.7294957637786865,6.215720986801898e-07,0.5363488793373108,0.7195350527763367,-0.045521676540374756,0.5750348567962646,0.6654344797134399,-0.07515140622854233,0.5641012191772461,0.6303635239601135,-0.10558182001113892,0.5195524096488953,0.600594699382782,-0.13200756907463074,0.5614516735076904,0.48340660333633423,-0.03445621579885483,0.5696326494216919,0.38075360655784607,-0.08412148058414459,0.5889511704444885,0.3454035520553589,-0.11656635254621506,0.6018143892288208,0.369695246219635,-0.13051028549671173,0.5088250041007996,0.48265576362609863,-0.0380282923579216,0.4905429482460022,0.345916211605072,-0.09000491350889206,0.519532322883606,0.3234054446220398,-0.11909496039152145,0.5436526536941528,0.350520521402359,-0.12794913351535797,0.4651243984699249,0.5146562457084656,-0.0489194355905056,0.4725785553455353,0.4673331379890442,-0.1016821563243866,0.5049396753311157,0.5351967215538025,-0.1126544401049614,0.5171168446540833,0.5856657028198242,-0.10479851067066193,0.43232935667037964,0.5652005672454834,-0.06383504718542099,0.4616962969303131,0.5494500994682312,-0.09818877279758453,0.48556795716285706,0.5943391919136047,-0.10095866769552231,0.48888063430786133,0.6260302662849426,-0.09421127289533615
ㅅ,0.7407820224761963,0.1998899281024933,7.448453516190057e-07,0.6631069779396057,0.27474790811538696,-0.008226718753576279,0.6368276476860046,0.4036538004875183,-0.039592377841472626,0.658930778503418,0.5079165101051331,-0.06210046634078026,0.6963121294975281,0.5941307544708252,-0.08862359076738358,0.6203254461288452,0.3902943730354309,-0.15459677577018738,0.5703496336936951,0.5554903149604797,-0.2059934288263321,0.5439058542251587,0.6563060879707336,-0.23380447924137115,0.5244110822677612,0.742671012878418,-0.2505672872066498,0.6916380524635315,0.3748900890350342,-0.15882931649684906,0.7079726457595825,0.6031177043914795,-0.19530318677425385,0.7165703773498535,0.7265386581420898,-0.19925792515277863,0.729320228099823,0.820351243019104,-0.2087344527244568,0.7633075714111328,0.37173157930374146,-0.15202336013317108,0.7714924812316895,0.5918391346931458,-0.16866534948349,0.7468845844268799,0.5656360387802124,-0.13651826977729797,0.7362279295921326,0.5042025446891785,-0.11599718779325485,0.8233264684677124,0.37628617882728577,-0.1440640389919281,0.8127071857452393,0.5466402173042297,-0.15489792823791504,0.7920844554901123,0.5244302749633789,-0.12870219349861145,0.7808054685592651,0.4757736027240753,-0.10808248072862625
ㅅ,0.7841102480888367,0.1124616265296936,6.999960646680847e-07,0.6686683297157288,0.19317491352558136,-0.010813722386956215,0.6054638624191284,0.3537510931491852,-0.04149400070309639,0.60661381483078,0.5085306763648987,-0.06388412415981293,0.6375304460525513,0.6286895275115967,-0.08824407309293747,0.5896720290184021,0.33945322036743164,-0.14586324989795685,0.5264477729797363,0.5673339366912842,-0.2015034258365631,0.494614839553833,0.6953694820404053,-0.2318248599767685,0.4685531556606293,0.8070866465568542,-0.25001728534698486,0.6815999150276184,0.3536839783191681,-0.15285544097423553,0.6671661138534546,0.6434403657913208,-0.19432443380355835,0.6621282696723938,0.7926279306411743,-0.20129898190498352,0.6626665592193604,0.9086468815803528,-0.21123164892196655,0.76701420545578,0.37226390838623047,-0.15025053918361664,0.732384979724884,0.6433223485946655,-0.17924641072750092,0.7016391754150391,0.6033668518066406,-0.15266793966293335,0.6958182454109192,0.5307398438453674,-0.13136018812656403,0.8339323997497559,0.39220932126045227,-0.1466721147298813,0.7808564901351929,0.5741727948188782,-0.16924500465393066,0.746857225894928,0.5455312728881836,-0.14970439672470093,0.7310998439788818,0.49614429473876953,-0.13053449988365173
ㅅ,0.5620217323303223,0.09204280376434326,1.3466893733493634e-06,0.6694514155387878,0.19653122127056122,-0.005832443945109844,0.7023112773895264,0.36165642738342285,-0.03656439483165741,0.6742750406265259,0.5067179799079895,-0.061778295785188675,0.6521992087364197,0.6099621653556824,-0.08443764597177505,0.7499873638153076,0.361641526222229,-0.1292211264371872,0.7908447980880737,0.5666652917861938,-0.17892828583717346,0.8205003142356873,0.6909166574478149,-0.206983745098114,0.8409168720245361,0.7876344919204712,-0.22480683028697968,0.6668509840965271,0.3404441475868225,-0.14495334029197693,0.6543813347816467,0.592955470085144,-0.1925998032093048,0.6485283970832825,0.7461021542549133,-0.20686334371566772,0.6407211422920227,0.8538172245025635,-0.21931925415992737,0.5846984386444092,0.33066999912261963,-0.15141716599464417,0.5528819561004639,0.5812125205993652,-0.17383496463298798,0.5854316353797913,0.5928895473480225,-0.14972899854183197,0.6166812777519226,0.5561943054199219,-0.13380761444568634,0.5147210359573364,0.3277246356010437,-0.15856701135635376,0.5007699728012085,0.5237763524055481,-0.16079145669937134,0.5261368155479431,0.5226843357086182,-0.13179874420166016,0.5477492809295654,0.48228925466537476,-0.11030447483062744
ㅅ,0.40682685375213623,0.08694314956665039,1.3357505395106273e-06,0.5077787041664124,0.18315795063972473,-0.005497000180184841,0.5406023263931274,0.33666568994522095,-0.03424918279051781,0.5203248262405396,0.46152782440185547,-0.05618447810411453,0.4955492913722992,0.5491535663604736,-0.07629530131816864,0.5611693859100342,0.3529963791370392,-0.13767611980438232,0.596490740776062,0.5563244819641113,-0.18522684276103973,0.6184915900230408,0.6763584613800049,-0.21401822566986084,0.6315072178840637,0.7726387977600098,-0.23440822958946228,0.48013192415237427,0.3295826017856598,-0.14771917462348938,0.44683897495269775,0.5720405578613281,-0.1868603527545929,0.41438737511634827,0.7204995155334473,-0.19770100712776184,0.3859703838825226,0.8268810510635376,-0.21198256313800812,0.40356016159057617,0.3176366984844208,-0.14748500287532806,0.3684948980808258,0.5593605637550354,-0.15702848136425018,0.39690902829170227,0.5457427501678467,-0.1262706220149994,0.4205677807331085,0.49400031566619873,-0.11088235676288605,0.34403184056282043,0.31738489866256714,-0.14850746095180511,0.3341537117958069,0.4991818070411682,-0.14976780116558075,0.36132824420928955,0.48949337005615234,-0.12439123541116714,0.382459819316864,0.4515611529350281,-0.10713310539722443
ㅅ,0.45255181193351746,0.18957382440567017,7.840864100217004e-07,0.5277238488197327,0.27520108222961426,0.023999245837330818,0.5481235980987549,0.3859495520591736,0.015472820959985256,0.532939076423645,0.4792940318584442,0.005264138802886009,0.5062766671180725,0.5439797639846802,-0.004821557551622391,0.5744546055793762,0.4285876750946045,-0.06455323100090027,0.595757246017456,0.5800811052322388,-0.09176712483167648,0.6135908961296082,0.6683109402656555,-0.10591617971658707,0.6261898875236511,0.7356362342834473,-0.11457619816064835,0.5215014815330505,0.4275723397731781,-0.08211366087198257,0.4950946569442749,0.6051788926124573,-0.10440122336149216,0.4768180549144745,0.7025645971298218,-0.10758628696203232,0.46164557337760925,0.7670730948448181,-0.1122068241238594,0.46515730023384094,0.421618789434433,-0.09008731693029404,0.42591914534568787,0.5580495595932007,-0.08619844168424606,0.43548324704170227,0.535336971282959,-0.0560927614569664,0.44633612036705017,0.4932696521282196,-0.038618288934230804,0.4163317382335663,0.40827643871307373,-0.09736857563257217,0.392581969499588,0.5106857419013977,-0.07933889329433441,0.40120065212249756,0.4892390966415405,-0.04763011261820793,0.4093306064605713,0.45257705450057983,-0.025796281173825264
ㅇ,0.7199718356132507,0.8424052000045776,-8.08618505487857e-09,0.6486900448799133,0.7876750230789185,0.007480337284505367,0.5958586931228638,0.7189011573791504,4.8899186367634684e-05,0.5469669103622437,0.6764923334121704,-0.0178447924554348,0.5071525573730469,0.6300829648971558,-0.036243703216314316,0.654153048992157,0.5952608585357666,0.0351974256336689,0.5997293591499329,0.5506159663200378,0.001702314242720604,0.5527806878089905,0.5686529874801636,-0.034715794026851654,0.519879937171936,0.5967912077903748,-0.054496653378009796,0.6743115186691284,0.5760936141014099,0.012989365495741367,0.6580700278282166,0.46765100955963135,-0.002212224528193474,0.6251637935638428,0.40287262201309204,-0.019475135952234268,0.595786988735199,0.3551766276359558,-0.030927738174796104,0.6942716240882874,0.5841236710548401,-0.015752125531435013,0.6770399212837219,0.470162034034729,-0.02750719152390957,0.6484090089797974,0.40103679895401,-0.032590121030807495,0.622562825679779,0.34999755024909973,-0.03506479412317276,0.7072126269340515,0.6107558608055115,-0.046328432857990265,0.7000430226325989,0.5218521952629089,-0.05367469787597656,0.683178186416626,0.46085745096206665,-0.05046788975596428,0.6633166074752808,0.40793681144714355,-0.04672621190547943
ㅇ,0.5784203410148621,0.7632816433906555,-2.6036909162030497e-07,0.4834311008453369,0.6942487359046936,0.03551347926259041,0.4220648407936096,0.6288955211639404,0.040754206478595734,0.36637765169143677,0.5987264513969421,0.029631400480866432,0.3197718858718872,0.5568016171455383,0.016694458201527596,0.48361116647720337,0.4788932204246521,0.06340546160936356,0.4051094353199005,0.44526776671409607,0.03480399772524834,0.35421472787857056,0.4810142517089844,-0.0006183390505611897,0.3211631774902344,0.5231570601463318,-0.019465530291199684,0.5037644505500793,0.45382440090179443,0.025908352807164192,0.4478130042552948,0.3225632309913635,0.01363352034240961,0.3912546634674072,0.2516508102416992,-0.004991861991584301,0.34132516384124756,0.20314007997512817,-0.01800498180091381,0.5205188989639282,0.4590587019920349,-0.016463706269860268,0.46639284491539,0.3224566578865051,-0.025005292147397995,0.4176693856716156,0.24873852729797363,-0.030704792588949203,0.3756379187107086,0.19999942183494568,-0.034765999764204025,0.5216155648231506,0.48496511578559875,-0.05836969614028931,0.4873844087123871,0.3794955611228943,-0.06115866079926491,0.45754745602607727,0.31384915113449097,-0.05489487946033478,0.4244970977306366,0.26200953125953674,-0.05046028643846512
ㅇ,0.5511825680732727,0.6582123041152954,1.5150804699715081e-07,0.4850579798221588,0.6408893465995789,-0.021144017577171326,0.42068976163864136,0.6012977361679077,-0.04073125123977661,0.36641523241996765,0.5718909502029419,-0.06277556717395782,0.33605730533599854,0.516797661781311,-0.08326264470815659,0.443910151720047,0.4672870337963104,-0.009689760394394398,0.39202913641929626,0.4327529966831207,-0.05650828406214714,0.3545021712779999,0.4554925560951233,-0.09547851979732513,0.3348860442638397,0.4833812713623047,-0.11508742719888687,0.4685421884059906,0.4303661584854126,-0.017603399232029915,0.43303126096725464,0.3204141855239868,-0.04586055129766464,0.4084662199020386,0.24861620366573334,-0.06497129797935486,0.39020541310310364,0.1876939833164215,-0.07532845437526703,0.5049751996994019,0.42008909583091736,-0.03261839598417282,0.4753655791282654,0.3172074854373932,-0.057266976684331894,0.45617756247520447,0.2492111325263977,-0.06558024883270264,0.43660399317741394,0.18963998556137085,-0.06673623621463776,0.547051727771759,0.4327619969844818,-0.05052468553185463,0.5277337431907654,0.35176944732666016,-0.06520289927721024,0.5109540224075317,0.2980138659477234,-0.06272532045841217,0.49318045377731323,0.2509356737136841,-0.05734581500291824
ㅇ,0.365676611661911,0.6719309091567993,3.390790936919075e-07,0.4439113736152649,0.6449993848800659,-0.007682465948164463,0.5119739174842834,0.6096731424331665,-0.021136010065674782,0.56590336561203,0.5978150367736816,-0.04040314629673958,0.6081454157829285,0.5800294876098633,-0.05891290307044983,0.5003240704536438,0.4640880227088928,0.00040056073339655995,0.5645831823348999,0.43512606620788574,-0.04348090663552284,0.590067982673645,0.4882318675518036,-0.08163436502218246,0.6022317409515381,0.5384324193000793,-0.10131942480802536,0.4821794033050537,0.43724945187568665,-0.018126612529158592,0.5368134379386902,0.3308073878288269,-0.04449915513396263,0.5698627829551697,0.2559637427330017,-0.07355111837387085,0.5977103114128113,0.18245992064476013,-0.09498665481805801,0.4517054557800293,0.4350130558013916,-0.04185408726334572,0.5012251138687134,0.32721400260925293,-0.06516765803098679,0.5380049347877502,0.25443756580352783,-0.08476069569587708,0.5714046955108643,0.18760952353477478,-0.09775242954492569,0.41337427496910095,0.4475937783718109,-0.06714315712451935,0.44427490234375,0.36139243841171265,-0.0812954381108284,0.474092572927475,0.3058984875679016,-0.08347965776920319,0.5070081353187561,0.2581285238265991,-0.08509429544210434
ㅇ,0.28585898876190186,0.6631897687911987,3.6221203458808304e-07,0.3376981019973755,0.6305883526802063,-0.027430403977632523,0.3811425566673279,0.594450056552887,-0.056357547640800476,0.41906869411468506,0.5796539187431335,-0.08728845417499542,0.4441208839416504,0.5572545528411865,-0.11734675616025925,0.3542768061161041,0.44957607984542847,-0.03821422904729843,0.40618520975112915,0.41421517729759216,-0.09403092414140701,0.4298073649406433,0.46463799476623535,-0.13768412172794342,0.43474143743515015,0.5117925405502319,-0.15906700491905212,0.3183657228946686,0.43196189403533936,-0.04961712658405304,0.327226459980011,0.3158060312271118,-0.08571723848581314,0.3262701630592346,0.2383444756269455,-0.11813251674175262,0.3184964060783386,0.16088160872459412,-0.14087750017642975,0.28047752380371094,0.4457663893699646,-0.06576868891716003,0.278665691614151,0.33391374349594116,-0.09611967951059341,0.28035968542099,0.2591628134250641,-0.11702616512775421,0.2804037630558014,0.1865209937095642,-0.12930132448673248,0.24186331033706665,0.47928816080093384,-0.08421904593706131,0.23274242877960205,0.38993027806282043,-0.10190336406230927,0.23283110558986664,0.3288022577762604,-0.10459393262863159,0.2369864284992218,0.26879942417144775,-0.105343297123909
ㅈ,0.6021941900253296,0.1802298128604889,5.852528488503594e-07,0.5102325677871704,0.23495623469352722,-0.004635325632989407,0.41791191697120667,0.31145405769348145,-0.024229221045970917,0.3411825895309448,0.3535817265510559,-0.040370915085077286,0.27358344197273254,0.3535349369049072,-0.06113266572356224,0.45351114869117737,0.41145846247673035,-0.09433671832084656,0.4007521867752075,0.5880059599876404,-0.12593811750411987,0.36764615774154663,0.6846185922622681,-0.14186814427375793,0.3392457664012909,0.7605866193771362,-0.15211926400661469,0.5220415592193604,0.4203872084617615,-0.09832432121038437,0.5390571355819702,0.6239952445030212,-0.11490698158740997,0.5626754760742188,0.7231358885765076,-0.11042916029691696,0.5829286575317383,0.7945053577423096,-0.11115514487028122,0.5895633697509766,0.4104923605918884,-0.09558771550655365,0.6031697988510132,0.5401768684387207,-0.10269803553819656,0.5967625975608826,0.48890867829322815,-0.07586350291967392,0.5925734043121338,0.42964327335357666,-0.0571947805583477,0.6513654589653015,0.3935474157333374,-0.09298151731491089,0.6507896184921265,0.4877856373786926,-0.0994945764541626,0.6464626789093018,0.44498708844184875,-0.07737608253955841,0.6440566182136536,0.4030187427997589,-0.05778709053993225
ㅈ,0.7486690878868103,0.16423211991786957,8.580682901992986e-07,0.6361160278320312,0.2102951854467392,-0.02100338228046894,0.5324446558952332,0.2854129672050476,-0.05527190491557121,0.43553322553634644,0.2958677113056183,-0.08416055142879486,0.35512465238571167,0.2726671099662781,-0.11910467594861984,0.5760120153427124,0.3954761326313019,-0.12438491731882095,0.5066663026809692,0.5897595286369324,-0.16098114848136902,0.4655610918998718,0.697834849357605,-0.1800525039434433,0.432678759098053,0.7819341421127319,-0.19284354150295258,0.6544714570045471,0.40743860602378845,-0.12643517553806305,0.6522518992424011,0.6234992146492004,-0.14569273591041565,0.6604860424995422,0.727297306060791,-0.14052510261535645,0.667672872543335,0.8003915548324585,-0.1425517499446869,0.7315555810928345,0.40185001492500305,-0.12230315804481506,0.7136286497116089,0.5538721680641174,-0.13422872126102448,0.7041952013969421,0.5054666996002197,-0.10658034682273865,0.7085450887680054,0.4444250762462616,-0.0877692699432373,0.7988215684890747,0.3888869881629944,-0.1195049062371254,0.7652742862701416,0.5090094804763794,-0.12907569110393524,0.7575170993804932,0.4647626280784607,-0.10329219698905945,0.76479172706604,0.4132494628429413,-0.08154430240392685
ㅈ,0.5544543862342834,0.1585160493850708,3.913659440968331e-07,0.472622811794281,0.20483942329883575,-0.0012349492171779275,0.3828423023223877,0.2641529440879822,-0.019947286695241928,0.30723464488983154,0.2917603850364685,-0.03821804001927376,0.24583101272583008,0.2925261855125427,-0.06124085932970047,0.39966142177581787,0.3555546700954437,-0.08226338028907776,0.33499330282211304,0.5056056976318359,-0.11220723390579224,0.2983325719833374,0.590321958065033,-0.1282968968153,0.2692413330078125,0.6606183648109436,-0.140713170170784,0.45164573192596436,0.3587108850479126,-0.09438980370759964,0.4671485424041748,0.546851396560669,-0.11762849986553192,0.4896881878376007,0.6433944702148438,-0.1178375780582428,0.5062270760536194,0.7163835763931274,-0.12240837514400482,0.5123163461685181,0.3527705669403076,-0.10131018608808517,0.5348842740058899,0.5035035610198975,-0.11771558225154877,0.5357229709625244,0.4585968255996704,-0.09563399106264114,0.532597541809082,0.4032127261161804,-0.08074548840522766,0.5721360445022583,0.346516489982605,-0.10838373005390167,0.5826261043548584,0.4559081196784973,-0.12522494792938232,0.5803641080856323,0.41940218210220337,-0.11009512841701508,0.5727758407592773,0.3793838918209076,-0.09594961255788803
ㅈ,0.3748565912246704,0.15307016670703888,8.20381501398515e-07,0.47032222151756287,0.18407508730888367,0.010608737356960773,0.5565879344940186,0.24878109991550446,-0.010359138250350952,0.6364846229553223,0.2807561159133911,-0.03467027470469475,0.7023686170578003,0.285994291305542,-0.060495246201753616,0.5425771474838257,0.35982176661491394,-0.058372531086206436,0.5637643933296204,0.5222070217132568,-0.09056969732046127,0.5807047486305237,0.6123691201210022,-0.11008208245038986,0.5887378454208374,0.6901498436927795,-0.12285687774419785,0.49029862880706787,0.374237596988678,-0.07564234733581543,0.4695078432559967,0.5475648045539856,-0.09349878132343292,0.4471581280231476,0.6284765005111694,-0.08751638233661652,0.43405881524086,0.6858203411102295,-0.08716603368520737,0.42780259251594543,0.3811533451080322,-0.08779789507389069,0.4124087691307068,0.513364315032959,-0.09017975628376007,0.40601712465286255,0.4645817279815674,-0.0527978390455246,0.40783098340034485,0.40517494082450867,-0.03051452338695526,0.36442887783050537,0.38021960854530334,-0.10016120225191116,0.36487436294555664,0.48696020245552063,-0.09253653138875961,0.3615267872810364,0.44219592213630676,-0.05618123710155487,0.3622816205024719,0.3928379416465759,-0.030656443908810616
ㅈ,0.3789330720901489,0.17818351089954376,8.005062568372523e-07,0.4685156047344208,0.22488409280776978,0.0108004966750741,0.5535862445831299,0.3057059943675995,-0.004550520330667496,0.6252481937408447,0.35116875171661377,-0.021383794024586678,0.6874852180480957,0.36039596796035767,-0.04010409861803055,0.535871148109436,0.38708096742630005,-0.06563159078359604,0.5667744278907776,0.5477330684661865,-0.09186223149299622,0.5953842401504517,0.6330634355545044,-0.10461161285638809,0.6174335479736328,0.7000857591629028,-0.11316478252410889,0.4821358919143677,0.3971007764339447,-0.08000896126031876,0.4585050642490387,0.5743125081062317,-0.09527567774057388,0.439141184091568,0.6659800410270691,-0.08948155492544174,0.4278305470943451,0.7237192988395691,-0.08935704827308655,0.4202885925769806,0.3983688950538635,-0.08773589879274368,0.39532148838043213,0.5193353891372681,-0.08606899529695511,0.3942316770553589,0.4759560227394104,-0.054239410907030106,0.3987230956554413,0.4179510176181793,-0.03690917044878006,0.36124086380004883,0.3944488763809204,-0.09530536085367203,0.3499407172203064,0.4766889214515686,-0.08714262396097183,0.3499496281147003,0.43612200021743774,-0.05789194256067276,0.35238879919052124,0.39164799451828003,-0.03818796947598457
ㅊ,0.6620211601257324,0.18164116144180298,7.886770276854804e-07,0.5677603483200073,0.21442432701587677,-0.0010034418664872646,0.48787927627563477,0.27936631441116333,-0.01729576662182808,0.41835013031959534,0.32607322931289673,-0.028489969670772552,0.3647298216819763,0.3476661443710327,-0.044245533645153046,0.49129098653793335,0.3705987334251404,-0.09877531230449677,0.41793709993362427,0.5237318277359009,-0.12475566565990448,0.37490981817245483,0.6055461168289185,-0.13359256088733673,0.3416416645050049,0.6728253960609436,-0.13886331021785736,0.558864951133728,0.38737753033638,-0.10476630926132202,0.5472029447555542,0.5936712622642517,-0.1350381225347519,0.5403745174407959,0.708173394203186,-0.14973130822181702,0.5356081128120422,0.7939580678939819,-0.16158555448055267,0.6222841739654541,0.39124006032943726,-0.10160844773054123,0.6382873058319092,0.5595042705535889,-0.13230536878108978,0.6414100527763367,0.6576416492462158,-0.15119731426239014,0.6500051021575928,0.7247440814971924,-0.16406022012233734,0.6740801930427551,0.3860313594341278,-0.09362872689962387,0.6563127040863037,0.4577329754829407,-0.11543089896440506,0.6395031213760376,0.44891440868377686,-0.11930716037750244,0.6305091977119446,0.4324055016040802,-0.1209842711687088
ㅊ,0.6105569005012512,0.1713745892047882,9.439993959858839e-07,0.5317816138267517,0.24851474165916443,-0.011849295347929,0.4658445417881012,0.3412509560585022,-0.034241318702697754,0.4004930555820465,0.40589749813079834,-0.05136168748140335,0.3426039516925812,0.42806923389434814,-0.07259135693311691,0.5158676505088806,0.42396730184555054,-0.09042391180992126,0.4842570126056671,0.5890972018241882,-0.1160699725151062,0.46061208844184875,0.6758374571800232,-0.12667512893676758,0.44123679399490356,0.7435815334320068,-0.13204629719257355,0.5830028653144836,0.4111732244491577,-0.09224677085876465,0.6129772067070007,0.595952570438385,-0.11479660868644714,0.6267557740211487,0.6965861916542053,-0.12544666230678558,0.637554943561554,0.7662447094917297,-0.13438823819160461,0.6407628059387207,0.3877652883529663,-0.08768203109502792,0.6785901784896851,0.5359817743301392,-0.10975440591573715,0.6912420988082886,0.6183504462242126,-0.12570105493068695,0.7041659355163574,0.6674373745918274,-0.13734391331672668,0.6823998689651489,0.3605620861053467,-0.08045586198568344,0.6846771240234375,0.4367391765117645,-0.0951276421546936,0.6745567917823792,0.4331337511539459,-0.09600149840116501,0.6684759855270386,0.4158647060394287,-0.09566769003868103
ㅊ,0.5345267057418823,0.17841637134552002,9.22917081425112e-07,0.44729653000831604,0.24144722521305084,0.0016906635137274861,0.36733612418174744,0.31524109840393066,-0.016140080988407135,0.29408442974090576,0.3542588949203491,-0.03169421851634979,0.23515155911445618,0.3642837107181549,-0.05216650664806366,0.376625657081604,0.41649705171585083,-0.08769857883453369,0.3145889937877655,0.5818600058555603,-0.11833809316158295,0.2744556665420532,0.6718356609344482,-0.13138015568256378,0.2409946769475937,0.7428326606750488,-0.13928696513175964,0.44541049003601074,0.41730451583862305,-0.10138335078954697,0.43971577286720276,0.631829559803009,-0.13689446449279785,0.4287050664424896,0.7519524097442627,-0.15807053446769714,0.41896334290504456,0.8429980874061584,-0.17388464510440826,0.5126131772994995,0.40783458948135376,-0.10710237920284271,0.5379746556282043,0.5912814140319824,-0.14463233947753906,0.5505555868148804,0.6903995275497437,-0.1683112531900406,0.5648899078369141,0.7565528154373169,-0.1827457696199417,0.5709031224250793,0.39118069410324097,-0.10783813893795013,0.5661635994911194,0.49411505460739136,-0.13775324821472168,0.5560927391052246,0.5028452277183533,-0.14606371521949768,0.5514430403709412,0.502913236618042,-0.1494257003068924
ㅊ,0.4076860845088959,0.18993264436721802,7.994854627213499e-07,0.5103220343589783,0.21559669077396393,0.0013879281468689442,0.6163548231124878,0.28485456109046936,-0.014194141142070293,0.695775032043457,0.33294421434402466,-0.026271654292941093,0.7642849683761597,0.339334100484848,-0.040797196328639984,0.5987858176231384,0.36947333812713623,-0.08704434335231781,0.6536620855331421,0.5439033508300781,-0.11757741868495941,0.6860532760620117,0.6418455839157104,-0.1270163208246231,0.7106632590293884,0.7178411483764648,-0.1309429407119751,0.53963303565979,0.39158856868743896,-0.09800710529088974,0.5622939467430115,0.5928751230239868,-0.12182217091321945,0.5752073526382446,0.7047756910324097,-0.12345536053180695,0.5882062315940857,0.7841179370880127,-0.12598936259746552,0.47244885563850403,0.4036855399608612,-0.10239330679178238,0.4629102945327759,0.5666114091873169,-0.11958885937929153,0.455748975276947,0.6397386789321899,-0.11885426938533783,0.4544093906879425,0.6850861310958862,-0.11984014511108398,0.4083672761917114,0.4043058156967163,-0.10370078682899475,0.40924859046936035,0.492239773273468,-0.11000172048807144,0.41107580065727234,0.4878118634223938,-0.10026083886623383,0.415591299533844,0.47671133279800415,-0.09471531957387924
ㅊ,0.3438342213630676,0.11837804317474365,7.161636972341512e-07,0.45651689171791077,0.15255732834339142,-0.009796897880733013,0.5505794882774353,0.2447381168603897,-0.03127077594399452,0.6311967372894287,0.31510528922080994,-0.04314946383237839,0.7110244035720825,0.3442150056362152,-0.05631695315241814,0.5293385982513428,0.32020580768585205,-0.11561326682567596,0.5988529920578003,0.5044346451759338,-0.1473110467195511,0.6415565013885498,0.6006569862365723,-0.15472161769866943,0.6812379956245422,0.6756985187530518,-0.157403364777565,0.46308016777038574,0.3466266989707947,-0.11709491163492203,0.5155350565910339,0.5587390065193176,-0.1525716483592987,0.5419509410858154,0.6741276979446411,-0.16043278574943542,0.5646443963050842,0.7502168416976929,-0.16604529321193695,0.3934727907180786,0.3602321743965149,-0.10948764532804489,0.3902791738510132,0.5468825101852417,-0.13718004524707794,0.39447978138923645,0.6509214639663696,-0.14349716901779175,0.3977344334125519,0.7180435657501221,-0.14716096222400665,0.3407994508743286,0.36298972368240356,-0.097486212849617,0.3710588216781616,0.4589911699295044,-0.10677912831306458,0.3893871009349823,0.4422769248485565,-0.09764078259468079,0.39831575751304626,0.4220888614654541,-0.09263327717781067
ㅋ,0.5659399032592773,0.172871932387352,2.3463053366867825e-07,0.4744530916213989,0.2334451526403427,-0.007393145002424717,0.3806951940059662,0.3219608664512634,-0.03652692213654518,0.30093783140182495,0.37938740849494934,-0.06289497762918472,0.23164966702461243,0.3929639160633087,-0.09143047779798508,0.4148885905742645,0.3748233914375305,-0.11890929937362671,0.4376929700374603,0.5941287279129028,-0.14462962746620178,0.4571080505847931,0.6244194507598877,-0.14312823116779327,0.4656369686126709,0.6110711097717285,-0.13937705755233765,0.4856318235397339,0.3629570007324219,-0.13325083255767822,0.5160033702850342,0.6138018369674683,-0.16146838665008545,0.532252311706543,0.7421336770057678,-0.1634940356016159,0.546809732913971,0.8287851810455322,-0.17100991308689117,0.5622766613960266,0.34869593381881714,-0.1385505199432373,0.569728434085846,0.5331573486328125,-0.16119366884231567,0.5614483952522278,0.49208009243011475,-0.1357959657907486,0.5561830997467041,0.4364158511161804,-0.11854738742113113,0.6350258588790894,0.339655339717865,-0.1424344927072525,0.6209284067153931,0.4906895160675049,-0.15545617043972015,0.6125777959823608,0.45199066400527954,-0.12686997652053833,0.6118892431259155,0.40338873863220215,-0.1056722030043602
ㅋ,0.5847142338752747,0.20785047113895416,1.5757689197926084e-07,0.4856523871421814,0.26970767974853516,-0.0013213127385824919,0.38570690155029297,0.35997912287712097,-0.027080371975898743,0.29725903272628784,0.41780221462249756,-0.05297980085015297,0.22447070479393005,0.4181510806083679,-0.07575780898332596,0.4108724594116211,0.4361829459667206,-0.092899851500988,0.42896175384521484,0.6437355875968933,-0.11657854914665222,0.4528822600841522,0.6001225709915161,-0.10963097959756851,0.45489418506622314,0.5306370258331299,-0.09992198646068573,0.4817400872707367,0.43802449107170105,-0.1088586077094078,0.5024349689483643,0.6699795722961426,-0.13410362601280212,0.5138489603996277,0.7832790613174438,-0.13641993701457977,0.5191094875335693,0.8682191371917725,-0.1438022255897522,0.5599074959754944,0.42842814326286316,-0.11712430417537689,0.5649333000183105,0.5831132531166077,-0.13182848691940308,0.5615057945251465,0.5298317670822144,-0.1038944348692894,0.5573983788490295,0.47182780504226685,-0.08626803755760193,0.6314573884010315,0.4157712459564209,-0.12419773638248444,0.6187632083892822,0.5372822284698486,-0.12506303191184998,0.61582350730896,0.4904243052005768,-0.09264732152223587,0.617801308631897,0.44435063004493713,-0.06969811022281647
ㅋ,0.7368140816688538,0.19608689844608307,1.6449901352189045e-07,0.6366455554962158,0.2473459243774414,0.002606665948405862,0.5310637950897217,0.3184821605682373,-0.024290423840284348,0.43961215019226074,0.35543930530548096,-0.051862381398677826,0.3681919574737549,0.3534308969974518,-0.07727348804473877,0.5425359606742859,0.3853845000267029,-0.10444770753383636,0.5440171360969543,0.5938339233398438,-0.13335475325584412,0.569454550743103,0.5637518763542175,-0.12698031961917877,0.5811208486557007,0.4954643249511719,-0.11605384200811386,0.611495852470398,0.3918091952800751,-0.12614616751670837,0.6062668561935425,0.6456432938575745,-0.1566259264945984,0.5976899266242981,0.774873673915863,-0.15775473415851593,0.5899972915649414,0.8708449602127075,-0.16429072618484497,0.6933032274246216,0.3953562378883362,-0.1392536163330078,0.6783331632614136,0.5888782739639282,-0.15979257225990295,0.6810855865478516,0.5355837345123291,-0.12638647854328156,0.6843918561935425,0.4736286997795105,-0.10362850874662399,0.7733510732650757,0.397256076335907,-0.15059849619865417,0.7398768663406372,0.5609844923019409,-0.15690256655216217,0.7403815984725952,0.5194135904312134,-0.1203693300485611,0.7484489679336548,0.46928584575653076,-0.09314378350973129
ㅋ,0.37766149640083313,0.1367909163236618,8.205322501453338e-07,0.4797939360141754,0.18728573620319366,-0.018413271754980087,0.5832620859146118,0.2915104627609253,-0.05714055523276329,0.6602534651756287,0.3516315817832947,-0.08771640062332153,0.7366033792495728,0.37146347761154175,-0.11123726516962051,0.5380591750144958,0.35113680362701416,-0.1431996375322342,0.5380467176437378,0.5474029779434204,-0.17866148054599762,0.5168777108192444,0.5148513913154602,-0.17647071182727814,0.5066532492637634,0.4492153823375702,-0.16651804745197296,0.460692435503006,0.34191492199897766,-0.14836369454860687,0.43782171607017517,0.5778660178184509,-0.17916053533554077,0.4237097203731537,0.6917882561683655,-0.17396637797355652,0.41296133399009705,0.7686475515365601,-0.17331287264823914,0.38643693923950195,0.33104991912841797,-0.14356163144111633,0.3761592209339142,0.5051113367080688,-0.15380370616912842,0.3880406618118286,0.4572317898273468,-0.11188147217035294,0.39738529920578003,0.39169761538505554,-0.08571439236402512,0.3176814019680023,0.3184186518192291,-0.13864874839782715,0.3264652490615845,0.45514240860939026,-0.1314074695110321,0.33305031061172485,0.41142839193344116,-0.0850772112607956,0.3351788818836212,0.3539396822452545,-0.05301345884799957
ㅋ,0.37502411007881165,0.11327287554740906,6.588778092009306e-07,0.4893498420715332,0.17168951034545898,-0.023096222430467606,0.5911009311676025,0.294783353805542,-0.057922352105379105,0.6697542071342468,0.38752296566963196,-0.0825812965631485,0.7473487854003906,0.42261192202568054,-0.09995853900909424,0.5291978120803833,0.3583894968032837,-0.13649749755859375,0.545161247253418,0.5740067362785339,-0.1647072583436966,0.5213689804077148,0.5381726622581482,-0.1587434560060501,0.5076782703399658,0.47481921315193176,-0.14588215947151184,0.44300439953804016,0.3654464781284332,-0.13230924308300018,0.4339592158794403,0.5980719327926636,-0.14846490323543549,0.4196583032608032,0.7062572240829468,-0.13908228278160095,0.4105064272880554,0.7791284918785095,-0.1370314061641693,0.37088829278945923,0.3604326546192169,-0.11894029378890991,0.3882721960544586,0.51546710729599,-0.1206434816122055,0.40374910831451416,0.4746025502681732,-0.08490349352359772,0.41070619225502014,0.41577237844467163,-0.06331990659236908,0.31100136041641235,0.35247933864593506,-0.10521307587623596,0.342628538608551,0.4602867066860199,-0.09405586123466492,0.3534543514251709,0.4179287850856781,-0.05334460735321045,0.35242313146591187,0.3688965141773224,-0.02527509443461895
ㅌ,0.733543336391449,0.4593566060066223,6.160507837194018e-07,0.6600834131240845,0.3485158681869507,0.008575702086091042,0.5687703490257263,0.3332332372665405,0.006440378725528717,0.49099260568618774,0.36860334873199463,0.007605171762406826,0.44153010845184326,0.4130878150463104,0.005613704677671194,0.5344036817550659,0.323350727558136,-0.04928509145975113,0.40617549419403076,0.293396532535553,-0.05923350155353546,0.3368901014328003,0.27750056982040405,-0.05959108844399452,0.28150856494903564,0.2686106562614441,-0.05884872004389763,0.5369014143943787,0.4149340093135834,-0.05413100868463516,0.4026782512664795,0.46414852142333984,-0.06674530357122421,0.3300638198852539,0.49030476808547974,-0.07261122763156891,0.2759281098842621,0.5086826682090759,-0.07748010009527206,0.5469064712524414,0.49684983491897583,-0.05229616165161133,0.4271455407142639,0.5384741425514221,-0.0639096274971962,0.35006946325302124,0.5447998046875,-0.07779053598642349,0.29634901881217957,0.5518601536750793,-0.08844941854476929,0.5607099533081055,0.5525846481323242,-0.046188149601221085,0.4863802194595337,0.5398637056350708,-0.0528242252767086,0.4696213901042938,0.5061625242233276,-0.053154680877923965,0.46790140867233276,0.47788989543914795,-0.05288802459836006
ㅌ,0.776871919631958,0.5255398154258728,5.062527179688914e-07,0.6862398982048035,0.4244352877140045,0.04438582807779312,0.5944381952285767,0.42879605293273926,0.06212575361132622,0.5259757041931152,0.4753205478191376,0.07616642117500305,0.484328031539917,0.5302663445472717,0.08670271188020706,0.5438068509101868,0.4057518541812897,0.007002006284892559,0.41760721802711487,0.4144855737686157,0.01842043735086918,0.35175782442092896,0.41956526041030884,0.03158719092607498,0.29906779527664185,0.42618465423583984,0.04156467318534851,0.54376620054245,0.4915107786655426,-0.009197453036904335,0.4134165048599243,0.542729377746582,-0.0060489545576274395,0.3423185646533966,0.5701720714569092,-0.0007194415084086359,0.2872177064418793,0.5854810476303101,0.004244404844939709,0.5576446056365967,0.5746663808822632,-0.01733843795955181,0.447132408618927,0.6149258017539978,-0.015642428770661354,0.37357163429260254,0.6286940574645996,-0.0245278961956501,0.3210553824901581,0.6397532224655151,-0.031020326539874077,0.5823812484741211,0.6334801316261292,-0.018427953124046326,0.5214681029319763,0.616316556930542,-0.005393928848206997,0.5194023847579956,0.5838540196418762,0.005529084242880344,0.53272944688797,0.5529599785804749,0.012610468082129955
ㅌ,0.7790721654891968,0.4676433503627777,6.859311270090984e-07,0.664687991142273,0.3473774194717407,0.01952388696372509,0.5379915833473206,0.3308958113193512,0.025306323543190956,0.43996602296829224,0.3703245222568512,0.032390955835580826,0.37986430525779724,0.428030788898468,0.03570922464132309,0.47971102595329285,0.32825225591659546,-0.03738151118159294,0.3226284980773926,0.29317131638526917,-0.052861496806144714,0.23281532526016235,0.26833340525627136,-0.06083187088370323,0.1598711609840393,0.2499503493309021,-0.06476955115795135,0.4848204255104065,0.4333314895629883,-0.044766150414943695,0.325824111700058,0.5171803832054138,-0.055531423538923264,0.2343047857284546,0.5637246370315552,-0.0635947734117508,0.16445457935333252,0.5950478911399841,-0.07194586098194122,0.5035274624824524,0.5293499827384949,-0.04524468630552292,0.3563683032989502,0.5973869562149048,-0.056574832648038864,0.2661949396133423,0.6240686774253845,-0.07290270924568176,0.2045811414718628,0.6429357528686523,-0.08578501641750336,0.5285031795501709,0.5971576571464539,-0.040249086916446686,0.4349677264690399,0.6256649494171143,-0.043686408549547195,0.4197568893432617,0.6147945523262024,-0.03955579921603203,0.4256117641925812,0.5990421175956726,-0.03604584559798241
ㅌ,0.19857269525527954,0.5868891477584839,7.341809009631106e-07,0.29147064685821533,0.4540758430957794,0.01841876655817032,0.41166603565216064,0.4332576394081116,0.012029829435050488,0.5100435614585876,0.47524672746658325,0.00947537925094366,0.5795964002609253,0.524336040019989,0.005126751959323883,0.4424307644367218,0.4227924048900604,-0.0768035426735878,0.5891342163085938,0.3992076516151428,-0.1005886122584343,0.6744357347488403,0.3828652501106262,-0.10680350661277771,0.7408381700515747,0.3686099350452423,-0.10844587534666061,0.4339592456817627,0.5242223739624023,-0.09360302984714508,0.6077249050140381,0.5740063190460205,-0.1186075434088707,0.7036260962486267,0.610365092754364,-0.12414015829563141,0.7723526954650879,0.6370574235916138,-0.12721458077430725,0.4210241138935089,0.6162587404251099,-0.10111535340547562,0.5880151987075806,0.6614347696304321,-0.11903572082519531,0.677710771560669,0.6815537214279175,-0.12146055698394775,0.7403321266174316,0.6946401596069336,-0.12266135215759277,0.4076475203037262,0.6870182752609253,-0.10324655473232269,0.5223405957221985,0.68309086561203,-0.10102903842926025,0.5588598251342773,0.6576620936393738,-0.08431290835142136,0.5799456238746643,0.6370622515678406,-0.07311850786209106
ㅌ,0.13251617550849915,0.7301432490348816,5.76478555558424e-07,0.17235253751277924,0.5936082601547241,0.003851159242913127,0.2649271488189697,0.5340161323547363,-0.005396557971835136,0.3554767966270447,0.5474682450294495,-0.008427789434790611,0.4174279570579529,0.5631809234619141,-0.0125602250918746,0.2753685712814331,0.49934810400009155,-0.07546568661928177,0.37867671251296997,0.4182860255241394,-0.09382258355617523,0.44019973278045654,0.36869871616363525,-0.10205508768558502,0.49055036902427673,0.32481589913368225,-0.10936953127384186,0.29067498445510864,0.5897862315177917,-0.0858839899301529,0.4240291714668274,0.5496525168418884,-0.11109762638807297,0.5046868324279785,0.5308221578598022,-0.12957492470741272,0.5669711828231812,0.5139861702919006,-0.14710363745689392,0.3041902780532837,0.6683378219604492,-0.08836902678012848,0.43889591097831726,0.6431112289428711,-0.11299728602170944,0.5114593505859375,0.6265909671783447,-0.13135822117328644,0.5627042651176453,0.618340015411377,-0.14632658660411835,0.3191523849964142,0.7222645878791809,-0.08601271361112595,0.39696624875068665,0.6517444252967834,-0.09735087305307388,0.39081570506095886,0.6143312454223633,-0.09661838412284851,0.3842562437057495,0.5960259437561035,-0.09938061982393265
ㅍ,0.7708184719085693,0.6844024062156677,-5.738025379287137e-07,0.7150355577468872,0.6601107716560364,-0.03492353856563568,0.6717824339866638,0.6002295017242432,-0.05978453531861305,0.6903483867645264,0.5344630479812622,-0.08547478914260864,0.7434394359588623,0.499235600233078,-0.10461630672216415,0.669416069984436,0.4401848018169403,-0.019747376441955566,0.6544950604438782,0.3637963533401489,-0.06281872093677521,0.665211021900177,0.44223806262016296,-0.08900002390146255,0.6787436008453369,0.49397578835487366,-0.10166068375110626,0.7190830111503601,0.42022204399108887,-0.02419055812060833,0.7076394557952881,0.3309158682823181,-0.06436049938201904,0.7097640037536621,0.4265100657939911,-0.07534973323345184,0.7160817980766296,0.47895339131355286,-0.07337663322687149,0.7692118883132935,0.4230312407016754,-0.03636971116065979,0.7662836909294128,0.3379872441291809,-0.07153105735778809,0.7571343779563904,0.42508745193481445,-0.06542568653821945,0.7568851113319397,0.47801318764686584,-0.05199797451496124,0.8200189471244812,0.44597139954566956,-0.052841704338788986,0.8128554224967957,0.390936017036438,-0.07287443429231644,0.7930226922035217,0.4406268000602722,-0.06676419824361801,0.7841622233390808,0.4820168912410736,-0.05685112997889519
ㅍ,0.5776197910308838,0.7767813205718994,-6.923932005520328e-07,0.4988768696784973,0.7440943717956543,-0.04274122416973114,0.4321761429309845,0.6742129325866699,-0.07541371136903763,0.4338720738887787,0.5934244990348816,-0.11031154543161392,0.500571608543396,0.5570953488349915,-0.13783185184001923,0.4242453873157501,0.48546934127807617,-0.03269738331437111,0.39447763562202454,0.36971843242645264,-0.08723805844783783,0.40615272521972656,0.4740948975086212,-0.11900150775909424,0.42704683542251587,0.5366562008857727,-0.13482607901096344,0.48699647188186646,0.4636225402355194,-0.03932638838887215,0.4618109464645386,0.3257109522819519,-0.09286324679851532,0.46214285492897034,0.4516105651855469,-0.10785192251205444,0.4746460020542145,0.5166018009185791,-0.10642040520906448,0.5498945116996765,0.46832433342933655,-0.0545416958630085,0.5376945734024048,0.3260790705680847,-0.09920930862426758,0.5208178162574768,0.44037359952926636,-0.09350599348545074,0.5236776471138,0.5186147689819336,-0.07760747522115707,0.6112916469573975,0.4977991580963135,-0.07459482550621033,0.5934995412826538,0.3997414708137512,-0.09624012559652328,0.5635414719581604,0.4628308117389679,-0.08857325464487076,0.5565164089202881,0.5254669189453125,-0.07733963429927826
ㅍ,0.5746058225631714,0.7897289991378784,-8.068620900303358e-07,0.47956231236457825,0.7381963729858398,-0.05304161459207535,0.4075341820716858,0.6490097045898438,-0.09311705082654953,0.4427722990512848,0.5509182214736938,-0.13490153849124908,0.5364237427711487,0.5083942413330078,-0.16791144013404846,0.40157604217529297,0.4119930863380432,-0.03925563395023346,0.3661358654499054,0.2918352484703064,-0.10972610861063004,0.3796117901802063,0.4192855954170227,-0.15332446992397308,0.40724295377731323,0.49858278036117554,-0.17599615454673767,0.47969305515289307,0.3747696280479431,-0.04940605163574219,0.45749568939208984,0.2169433832168579,-0.11644609272480011,0.4526165723800659,0.3713206648826599,-0.13525663316249847,0.46822139620780945,0.44929805397987366,-0.1342114806175232,0.5604550838470459,0.3824152946472168,-0.07059653848409653,0.5611556768417358,0.22408540546894073,-0.12743189930915833,0.5359737873077393,0.36569011211395264,-0.11860447376966476,0.5396313071250916,0.45172813534736633,-0.09892887622117996,0.6383060216903687,0.42727741599082947,-0.09824924170970917,0.6292092800140381,0.3306649923324585,-0.12873923778533936,0.5915021896362305,0.4149593710899353,-0.11850333213806152,0.5854940414428711,0.48258107900619507,-0.10401346534490585
ㅍ,0.43452802300453186,0.6637527346611023,-4.687533703418012e-07,0.5081780552864075,0.6608405709266663,-0.04037374630570412,0.5726609230041504,0.6021094918251038,-0.07021423429250717,0.5756159424781799,0.5178073644638062,-0.10081619024276733,0.5244038105010986,0.4401594400405884,-0.1271909922361374,0.6153048276901245,0.4254005551338196,-0.04612000286579132,0.6589491963386536,0.34431788325309753,-0.09593470394611359,0.6387290358543396,0.4346179962158203,-0.12752391397953033,0.6151671409606934,0.489650160074234,-0.14450106024742126,0.5590754151344299,0.3808552324771881,-0.05529635027050972,0.6111001968383789,0.2504402697086334,-0.10350356996059418,0.5926429033279419,0.36681491136550903,-0.12488428503274918,0.5683894157409668,0.4337511956691742,-0.1316535472869873,0.49889084696769714,0.3680582046508789,-0.06948591023683548,0.5325788259506226,0.234793558716774,-0.11282434314489365,0.5323505401611328,0.34776443243026733,-0.11439740657806396,0.5156855583190918,0.4233457148075104,-0.10736361145973206,0.4291919767856598,0.3822665512561798,-0.08668628334999084,0.4594358205795288,0.29534417390823364,-0.11559155583381653,0.4784458875656128,0.3629544973373413,-0.11121410876512527,0.47577229142189026,0.42302194237709045,-0.1036040410399437
ㅍ,0.39738574624061584,0.5855439901351929,-2.6660961793822935e-07,0.44576939940452576,0.5666303038597107,-0.021272120997309685,0.48002302646636963,0.5133727192878723,-0.03710111603140831,0.47396066784858704,0.4609135389328003,-0.05380252003669739,0.4389669597148895,0.41909393668174744,-0.06672606617212296,0.48875948786735535,0.40654343366622925,-0.024595782160758972,0.5140331983566284,0.3406859040260315,-0.05319838970899582,0.5044215321540833,0.40578997135162354,-0.06903591006994247,0.493884801864624,0.44064730405807495,-0.07710636407136917,0.45023736357688904,0.3918035626411438,-0.03099815361201763,0.4756050705909729,0.30764833092689514,-0.059492915868759155,0.4738560914993286,0.38287341594696045,-0.06928493082523346,0.46595102548599243,0.4226977229118347,-0.07090011239051819,0.4090999662876129,0.393502414226532,-0.04049785062670708,0.4225199818611145,0.3093375265598297,-0.06764685362577438,0.43407708406448364,0.37863868474960327,-0.06646157801151276,0.43182113766670227,0.42303329706192017,-0.060248490422964096,0.3655186891555786,0.4096798598766327,-0.05154619738459587,0.38013955950737,0.3528743088245392,-0.0714329332113266,0.4006696939468384,0.39444807171821594,-0.06863691657781601,0.40714511275291443,0.4317046105861664,-0.06287016719579697
ㅎ,0.6910347938537598,0.7086024880409241,-2.139509831522446e-07,0.6525164842605591,0.5668770670890808,0.002804784569889307,0.6001265645027161,0.4479438066482544,-0.01164837647229433,0.5723490118980408,0.34009361267089844,-0.028288403525948524,0.5636696815490723,0.2537667453289032,-0.047121960669755936,0.507114589214325,0.48483356833457947,-0.03656405210494995,0.417503297328949,0.535152792930603,-0.04661049321293831,0.45132794976234436,0.5561920404434204,-0.048856645822525024,0.49050629138946533,0.5465680360794067,-0.0500418059527874,0.5012979507446289,0.5771536231040955,-0.04810686036944389,0.42049741744995117,0.604215681552887,-0.05191829055547714,0.45816218852996826,0.6199500560760498,-0.04578516259789467,0.4998111128807068,0.615684986114502,-0.045213017612695694,0.5059142708778381,0.6682209372520447,-0.056196920573711395,0.4370046854019165,0.6741248369216919,-0.056603606790304184,0.47276800870895386,0.6854068040847778,-0.03883439674973488,0.5120762586593628,0.6828580498695374,-0.03101077675819397,0.5171995759010315,0.7525500059127808,-0.06375433504581451,0.4612794816493988,0.743427574634552,-0.06262777745723724,0.4956759214401245,0.7496417760848999,-0.043078288435935974,0.5300541520118713,0.7493607401847839,-0.02886066399514675
ㅎ,0.5422875881195068,0.6511922478675842,-1.7453595546612632e-07,0.4986470341682434,0.5114655494689941,-0.0014680246822535992,0.44706258177757263,0.4028167724609375,-0.016430890187621117,0.41299372911453247,0.30806973576545715,-0.03300435096025467,0.39796361327171326,0.2306409776210785,-0.05200139060616493,0.33399930596351624,0.46081626415252686,-0.033461932092905045,0.28512880206108093,0.5264166593551636,-0.03621958941221237,0.3215893507003784,0.5407079458236694,-0.03830946609377861,0.35596105456352234,0.5297775864601135,-0.04177989810705185,0.33029258251190186,0.5526893734931946,-0.04227094724774361,0.28802162408828735,0.5949731469154358,-0.0397300124168396,0.32562482357025146,0.6035901308059692,-0.038089342415332794,0.36621224880218506,0.5967414379119873,-0.04227989539504051,0.34219345450401306,0.6420668363571167,-0.04688625782728195,0.3115527033805847,0.6623015403747559,-0.040774986147880554,0.3445957601070404,0.667894721031189,-0.029210083186626434,0.38113856315612793,0.6616663932800293,-0.027488259598612785,0.36079326272010803,0.7227474451065063,-0.05187877640128136,0.3364471197128296,0.7252106070518494,-0.04742617905139923,0.3692946135997772,0.7259155511856079,-0.03175467997789383,0.39916831254959106,0.719965934753418,-0.020913083106279373
ㅎ,0.8937215805053711,0.7452737092971802,-7.110973854196345e-08,0.835233211517334,0.605469286441803,-0.0007953346939757466,0.760875403881073,0.48250705003738403,-0.02653937228024006,0.7406104207038879,0.3653585910797119,-0.052039291709661484,0.7483638525009155,0.26335909962654114,-0.0806451216340065,0.7074309587478638,0.5461280941963196,-0.08777429163455963,0.5694931745529175,0.5881139636039734,-0.1106359139084816,0.6065937280654907,0.5950174927711487,-0.11365040391683578,0.6563794016838074,0.585983157157898,-0.11256492137908936,0.7149688601493835,0.6529675722122192,-0.10078319162130356,0.5698164701461792,0.6653422117233276,-0.11262916773557663,0.6123673915863037,0.6616064310073853,-0.10014800727367401,0.6668317317962646,0.6593531370162964,-0.09523418545722961,0.726306140422821,0.752115786075592,-0.1078883707523346,0.5939968824386597,0.739815354347229,-0.11258111149072647,0.6342357397079468,0.7301309108734131,-0.08484001457691193,0.6830426454544067,0.7290732860565186,-0.06997959315776825,0.7403181195259094,0.8410912156105042,-0.11389172822237015,0.6303776502609253,0.80869460105896,-0.1151210218667984,0.6642937660217285,0.7960596084594727,-0.08707891404628754,0.7061521410942078,0.8011411428451538,-0.06804531067609787
ㅎ,0.3189238905906677,0.7168580293655396,-3.330703179926786e-07,0.3514765799045563,0.6198996305465698,-0.045781295746564865,0.3437464237213135,0.5037443041801453,-0.06774523854255676,0.3300165832042694,0.4070747196674347,-0.08397786319255829,0.33921876549720764,0.3321262001991272,-0.09307951480150223,0.23985585570335388,0.48531150817871094,-0.05015714839100838,0.20223022997379303,0.5266025066375732,-0.08460256457328796,0.2502312660217285,0.5652251839637756,-0.0915863960981369,0.2750183343887329,0.554135262966156,-0.092032790184021,0.2022348940372467,0.5477630496025085,-0.04240815341472626,0.17448994517326355,0.5883287191390991,-0.08036789298057556,0.23662912845611572,0.6195893287658691,-0.07505135983228683,0.258005827665329,0.5972834825515747,-0.06464742124080658,0.17990848422050476,0.6091902852058411,-0.04074747487902641,0.1538260579109192,0.639971137046814,-0.07807242125272751,0.20970559120178223,0.6629171967506409,-0.058828115463256836,0.2319386601448059,0.6399932503700256,-0.03871125355362892,0.16603019833564758,0.6666842103004456,-0.04363878816366196,0.14079450070858002,0.6877530217170715,-0.06516840308904648,0.17929881811141968,0.702892541885376,-0.05336575210094452,0.20017880201339722,0.6884999871253967,-0.03913401812314987
ㅎ,0.4444325566291809,0.5900356769561768,-5.534575961974042e-07,0.47727057337760925,0.4745233654975891,0.0038272524252533913,0.5267370939254761,0.38949263095855713,-0.005055329296737909,0.5728371143341064,0.31195324659347534,-0.01427224650979042,0.5992605686187744,0.2516500949859619,-0.02048525959253311,0.617729663848877,0.4333374500274658,-0.016644783318042755,0.6576258540153503,0.480861634016037,-0.006094552110880613,0.6284055709838867,0.49592870473861694,0.006214497145265341,0.599899411201477,0.4915359914302826,0.011878945864737034,0.6262196898460388,0.5067833662033081,-0.02176005393266678,0.6495125889778137,0.5433512926101685,-0.00026018163771368563,0.6194226741790771,0.5492249727249146,0.012077544815838337,0.5901046395301819,0.5448865294456482,0.011259053833782673,0.6196366548538208,0.5796669721603394,-0.02310311608016491,0.6367341876029968,0.5991747975349426,-0.00020546872110571712,0.6099711656570435,0.6026121973991394,0.01579197123646736,0.5806940197944641,0.5964341163635254,0.015468839555978775,0.6096958518028259,0.646141529083252,-0.024465691298246384,0.6234108209609985,0.656592845916748,-0.006964189000427723,0.5974818468093872,0.6567880511283875,0.008956789039075375,0.573594331741333,0.6483196020126343,0.015589422546327114
ㅁ,0.7240426540374756,0.873722493648529,2.6204423875242355e-07,0.6677231788635254,0.818303108215332,-0.02546616457402706,0.6357558369636536,0.7242592573165894,-0.042148325592279434,0.6591218709945679,0.6423179507255554,-0.06254460662603378,0.714941143989563,0.6095068454742432,-0.08118496090173721,0.6617208123207092,0.5766060948371887,-0.010476574301719666,0.6523720026016235,0.4773118197917938,-0.03445756807923317,0.642689049243927,0.422019898891449,-0.054580993950366974,0.6309128999710083,0.37595802545547485,-0.07062458992004395,0.7083698511123657,0.5781083703041077,-0.02135530859231949,0.7116276025772095,0.4639652967453003,-0.049463436007499695,0.6903422474861145,0.4102250933647156,-0.07104019820690155,0.668913722038269,0.3650284707546234,-0.0849882960319519,0.7523252367973328,0.6089040040969849,-0.03706475719809532,0.763529896736145,0.506365180015564,-0.07755745947360992,0.7274129390716553,0.5618742108345032,-0.0905938446521759,0.7029042840003967,0.61391282081604,-0.09013589471578598,0.7911810874938965,0.6615174412727356,-0.05496344342827797,0.7841160297393799,0.5895107984542847,-0.08725922554731369,0.7462741732597351,0.6029979586601257,-0.09523852169513702,0.7195553779602051,0.6289853453636169,-0.09548494219779968
